Scenario,User,Duration,High Speed Average,High Speed Ratio,High Speed Variance,Speed Average,Speed Duration,Speed Rel Other,Speed Variance,Acceleration Average,Brake Average,Average Front Dist,Ratio too Close,Average Distance Lane Switch,Average Duration Lane Switch,Average Insertion Space,Average Overtake Right Space,Average Overtake Space,Dist Before Lane Switch,Freq Insertion,Freq Lane Switch,Freq Overtake,Freq Overtake Right,Ratio Inseting too Close,Ratio Overtaking Right too Close,Ratio Overtaking too Close,Rotation when Lane Switch,Speed Dif When Lane Switch,Speed When Lane Switch,Angle Variance,Average Angle,Rotation Avg,Time Big Rotation,Time Big Turn,Total Average Angle,Freq Collisions
0.0,0.0,295.4239,20.3298159066,0.29702370052,4.8948169081,14.2869337868,0.29702370052,1.45342661514,27.5666411042,1.16569730324,0.967235189598,77.690061039,0.00260066974947,23.7933333333,2.08863333333,219.283398071,200.0,131.003643068,100.955436443,0.00676993296751,0.0101548994513,0.00338496648375,0.0,0.0,0.0,1.0,0.0547338538438,0.897990281511,12.6577969329,3.1148600506e-05,0.016402142512,0.0117069638491,39.3186,0.00829418337514,0.00604770371456,0.0
1.0,0.0,295.21169,23.104995367,0.583543964672,11.2075394197,18.7287798901,0.583543964672,1.54488343441,37.3122335074,1.35047660054,1.23940414962,95.4428363883,0.00186239237342,16.1333333333,1.00138888889,235.063856048,69.0393210762,96.9275289348,61.7108377971,0.0203243984003,0.0304865976005,0.0237117981337,0.016936998667,0.0,0.0,0.0,0.0687556622857,1.08062964872,19.952064962,9.23750815686e-05,0.0198945172561,0.0219287729535,55.3714,0.0396928725959,0.00896849334266,0.00677479946678
0.0,1.0,298.873275,20.4422369237,0.548887818759,6.68968711915,15.7755696752,0.548887818759,1.10652656234,48.1697310223,0.919135173841,0.976893781673,127.82353975,0.000725391054118,18.7475,2.63335,180.715553976,200.0,143.328511215,89.6478390574,0.00669179939223,0.0133835987845,0.00669179939223,0.0,0.0,0.0,0.5,0.169115220433,0.518670400524,8.15644102275,0.000214004659249,0.034691418162,0.0850268760044,48.26168,0.0762861784815,0.0106078245848,0.0133835987845
1.0,1.0,298.57344,23.75483681,0.571490350917,15.3038355819,18.8919972504,0.571490350917,1.32275210883,45.6787044515,1.41866523927,1.34361686071,76.5915638767,0.00675197365178,10.92,1.06459285714,119.545505504,90.9241911703,74.949176156,34.6159916219,0.0133970389329,0.0234448181325,0.0167462986661,0.00669851946643,0.0,0.0,0.0,0.0950043271029,0.715241918404,13.4635515348,6.12408707218e-05,0.0195613803504,0.0130049376409,30.39891,0.0128437412249,0.0062223625544,0.00669851946643
0.0,2.0,299.059179,20.474002627,0.890163882915,1.27532302151,19.4464506182,0.890163882915,1.24018573434,12.9665319706,0.58103204064,0.61573148408,111.850765404,0.0107523869047,19.3928571429,1.17865714286,112.863892373,54.5087800855,47.4377999497,26.9849931821,0.0434696572213,0.0468134770075,0.0434696572213,0.0200629187175,0.0,0.166666666667,0.0769230769231,0.0582990349896,1.01542708598,19.7033970875,5.2521297617e-05,0.020170464204,0.0172973886756,39.7791,0.00796798816866,0.00615617391219,0.00334381978625
1.0,2.0,297.58635,23.9717693626,0.653188696323,13.8393988843,19.7109965848,0.653188696323,1.37339203075,49.9260697065,0.94128148297,0.856547045886,87.4946205677,0.0205543701853,23.7907692308,1.54981076923,113.106842547,55.5559595802,56.881227209,22.2105343705,0.0436847993868,0.0436847993868,0.0436847993868,0.0235225842852,0.0769230769231,0.0,0.153846153846,0.0490543174197,0.901187667682,17.6382556521,5.86368618461e-05,0.0188907928274,0.0233756484749,45.044,0.0156210121869,0.00728723793401,0.0067207383672
0.0,3.0,298.957102,19.8588641298,0.755009660215,5.85282287764,17.9065581897,0.755009660215,1.28905178092,22.1941313113,0.688167879603,1.65694905446,84.6755220927,0.0249296636546,25.8010526316,1.58281052632,159.038080307,110.441011319,94.7190520541,42.7743997346,0.0468294611713,0.0635542687325,0.0468294611713,0.0200697690734,0.0,0.166666666667,0.0714285714286,0.0512949256719,1.04591746778,18.6718932705,0.000106602561663,0.020558002384,0.0332772474543,70.9079,0.0451108199463,0.0105550584605,0.0200697690734
1.0,3.0,298.82228,21.6560664917,0.578465032795,10.3862628518,17.1327268583,0.578465032795,1.3034468164,42.7817586905,1.24955015574,3.10499470888,73.0041461312,0.0486322505805,10.3207692308,0.847538461538,137.252274042,82.3936173769,79.7860324621,14.1657945533,0.0401576482182,0.043504118903,0.0401576482182,0.0234252947939,0.0,0.142857142857,0.166666666667,0.112965107328,0.945752924235,16.1474363584,0.000222423551959,0.0264597126404,0.0456171933909,83.5683,0.177023279523,0.0172997305997,0.0401576482182
0.0,4.0,298.941732,19.1149269568,0.531818354488,1.28941381249,15.2264120217,0.531818354488,1.03143573409,26.1039417694,0.865901696896,1.54661106281,76.5170286941,0.00206495090488,15.89,1.26966666667,80.2942634682,8.65967152689,66.1249792472,19.7078577619,0.0167256674622,0.0200708009546,0.0167256674622,0.0133805339697,0.0,0.25,0.2,0.113237431271,0.965051321944,14.6585014334,4.79254617029e-05,0.0178214555028,0.021345769502,28.4013,0.00808719473131,0.00633853672036,0.0200708009546
1.0,4.0,298.25542,21.2265998417,0.419494807504,9.76668674765,15.9600591383,0.419494807504,1.14896463128,28.3169749628,1.12789181907,1.04167161681,26.9611026575,0.01040115214,20.01,1.445105,113.051670789,22.5599886248,75.410012522,12.0469854146,0.0268226475147,0.0335283093933,0.0268226475147,0.0167641546967,0.0,0.0,0.125,0.0592870978041,1.022440655,16.2353978487,4.61265819322e-05,0.0164682416728,0.016376669469,50.72121,0.0140879250409,0.00772642079341,0.0134113237573
0.0,5.0,298.972946,20.7920817567,0.549812289705,10.044143334,17.3891636321,0.549812289705,1.27881013415,24.2657018377,1.15759063121,1.05542857654,63.7411231894,0.0274763991522,28.3522222222,1.70924444444,174.858302581,116.996026359,119.955381149,32.388512174,0.0267582739744,0.0301030582212,0.0267582739744,0.0200687054808,0.0,0.0,0.0,0.0518990583758,1.09091803054,18.9153947696,0.000124614570079,0.0207057837327,0.0303069068767,78.96996,0.0855813221307,0.0124006970757,0.0234134897276
1.0,5.0,297.7873,22.4030542454,0.382084897509,13.3589428306,15.2847378657,0.382084897509,1.19289128943,47.5159717166,2.16756085146,2.13825761734,50.8406473251,0.0260813674727,25.6325,1.582278125,117.701553359,67.6995833192,81.1386627748,24.0541711143,0.043655320425,0.0537296251385,0.0470134219962,0.0268648125692,0.0,0.125,0.142857142857,0.0602568389944,1.20956256206,18.3679454449,9.46494226758e-05,0.0202861685778,0.0383505670746,84.1956,0.0632615964482,0.0104947148418,0.0235067109981
0.0,6.0,298.27247,19.7349888961,0.535860718222,3.95489969321,16.7848190195,0.535860718222,1.10422892247,15.808867724,0.729246973608,0.618595368199,47.3168050643,0.0,23.9583333333,1.72556666667,74.9139106605,41.7023526408,57.3639559102,23.6072511288,0.0167631964157,0.0201158356988,0.0167631964157,0.0100579178494,0.0,0.0,0.0,0.0567878795449,0.939117471722,15.6927884009,1.48043450833e-05,0.0153711234847,0.0103240909241,25.1984,0.00340561098381,0.00392518571521,0.0
1.0,6.0,299.040539,23.8847358218,0.654317206136,17.8934103382,19.2882163607,0.654317206136,1.3826705196,61.2240854114,1.5803731246,2.14209688414,74.9502246542,0.0265746578259,9.83055555556,0.741555555556,162.570604612,58.9655078223,76.5378225933,46.8384843067,0.0468163950173,0.0601925078793,0.0535044514483,0.0267522257242,0.0,0.25,0.125,0.142746793882,0.97111082328,18.683016353,6.84950666635e-05,0.0179095313092,0.0430799725568,66.1107,0.0226875594282,0.00877198897031,0.0267522257242
0.0,7.0,298.48932,20.8807581383,0.296043891956,9.69828879171,13.4267794569,0.296043891956,1.09329567166,41.3678880528,2.03154288771,2.74693844603,60.5901985802,0.00877016303297,16.9114285714,1.45938571429,163.298116334,76.4323136531,104.662584926,36.4311727686,0.0167510180934,0.0234514253307,0.0167510180934,0.00670040723735,0.0,0.0,0.0,0.113132105901,0.999869646925,13.376173358,0.000107894073511,0.0225868061178,0.0302818261061,46.3165,0.0478033853942,0.00901658004386,0.0234514253307
1.0,7.0,298.78992,22.3224800289,0.451924382188,15.7591523241,16.5982200321,0.451924382188,1.23392989649,42.4460596052,1.88665046748,3.24423602907,37.470679973,0.0181297950078,15.4126315789,1.00437894737,121.009265627,48.2792620849,70.0444290321,22.3596353117,0.0535493299105,0.0635898292687,0.0535493299105,0.0301214980746,0.0,0.111111111111,0.0625,0.0669725388918,1.19147136154,19.716338198,0.000106393454951,0.0206863231743,0.0290035942763,69.2532,0.0479119242041,0.0105890771842,0.016734165597
0.0,8.0,298.79117,20.9049420864,0.690149578383,6.6248898573,18.1710959646,0.690149578383,1.15051693228,27.7114405645,0.854564377123,1.01838526648,70.06239084,0.00463065893145,32.486,1.87282,150.291066941,42.7464334873,96.248115764,54.5911055266,0.0100404573535,0.0167340955892,0.0100404573535,0.00669363823569,0.0,0.0,0.333333333333,0.0473296590262,1.06180487232,19.228702595,2.58458104173e-05,0.0165093764262,0.0114954774642,21.8307,0.00474244268999,0.00491258447328,0.00334681911785
1.0,8.0,298.7403,20.8905169485,0.273028781186,9.50292084078,13.7165029481,0.273028781186,1.15568450228,29.6183335849,1.75088075468,1.9123778589,37.4102113088,0.00730400284126,16.741,1.18169,181.684865113,137.632569286,109.403847166,23.1840829594,0.0234317231388,0.0334738901983,0.020084334119,0.00669477803966,0.0,0.5,0.333333333333,0.0699902806954,1.23973650367,16.9452352064,7.62186867563e-05,0.0192181827927,0.0257749882505,58.7821,0.0267191938952,0.00924718196146,0.0100421670595
0.0,9.0,298.907418,22.5903390494,0.168499331121,7.58715569735,12.6700553142,0.168499331121,1.04628430229,28.8838649553,1.8886782881,1.58994131888,27.5707131819,0.0348602924267,20.7930769231,1.86032307692,108.117860352,70.272426893,75.3592774823,13.237233007,0.0434917275957,0.0434917275957,0.0401462100884,0.0234186225515,0.0,0.142857142857,0.0833333333333,0.0666259892802,1.00771932647,12.7302560465,8.01635043252e-05,0.0182828369672,0.0231058247964,56.266,0.0259177241295,0.00903938608025,0.0133820700295
1.0,9.0,299.124832,24.0643166056,0.598613925841,13.4481252201,17.7239623626,0.598613925841,1.27253168065,78.2661428256,1.80895580725,2.52513123071,55.553866365,0.0370678018467,16.2885714286,1.09261428571,93.643326696,47.3437707317,50.0626103277,31.3781620766,0.0434601163437,0.0468032022163,0.0468032022163,0.0267446869807,0.0,0.0,0.0714285714286,0.158356857654,1.04176850477,18.4209188322,0.000126184795135,0.0232725610641,0.062978608979,70.81984,0.0632625512014,0.00959634411268,0.0434601163437
0.0,10.0,298.891075,19.6712148239,0.521258789678,4.53943360391,15.6923592198,0.521258789678,1.10984184418,30.3837525069,0.982211825638,1.1010019332,66.4263474716,0.00456989222579,30.2330769231,2.03878230769,122.432301597,52.1324905412,58.9219993025,37.2846743172,0.0368027047981,0.0434941056704,0.0368027047981,0.0200742026171,0.0,0.0,0.0,0.071217688948,1.04743049347,16.3903902351,4.5277223769e-05,0.0178626998523,0.0318778373724,66.253,0.0172286843961,0.00699786872097,0.0167285021809
1.0,10.0,298.40675,22.468574173,0.612125161378,13.0543650925,18.1781740314,0.612125161378,1.23864195604,44.252961898,1.9297719272,2.33269345429,47.175628451,0.0142945828136,18.645625,1.0999875,99.7610935315,33.5826114459,53.399085048,24.7297374104,0.0469158288142,0.0536180900734,0.0502669594438,0.0268090450367,0.0,0.0,0.133333333333,0.0562895871964,1.14818257166,20.7704087887,5.13451898008e-05,0.0164972589884,0.0267804893613,80.99866,0.020391629881,0.0086172918069,0.0167556531479
0.0,11.0,266.41254,20.7762622147,0.883543995339,4.47543811074,19.9442868602,0.883543995339,1.17873545931,10.6335594109,0.702838982417,0.550084200212,41.9847507007,0.0,44.8333333333,2.42521666667,86.3350980548,29.7469519213,75.1420363186,13.7992911489,0.0187678853255,0.0225214623906,0.0187678853255,0.0112607311953,0.0,0.333333333333,0.2,0.0321052115346,0.998686896014,19.8149202683,8.68624714237e-06,0.0125792229588,0.00995007341773,30.5103,0.0,0.00427774887288,0.0
1.0,11.0,298.62877,18.8828035033,0.549146018316,2.99490442673,16.4344580286,0.549146018316,1.11788597483,12.3738809575,0.839130933053,0.73722206837,60.156675227,0.00580319170186,31.9564285714,2.08826428571,117.652688203,65.8844533642,67.5537446218,31.2474256496,0.0435323093619,0.0468809485436,0.0401836701802,0.0200918350901,0.0,0.0,0.0,0.0420718637597,1.01602762015,16.639454652,1.46272417186e-05,0.0130859569484,0.0201852607549,64.7763,0.0,0.00533866725114,0.0
0.0,12.0,299.151895,20.3408376982,0.458723151328,9.92891857017,16.2643698364,0.458723151328,1.12668229425,22.777346517,0.926772695044,0.6377233661,61.4502413577,0.00428912542907,19.5025,1.753925,79.2042189737,13.404845,28.5508518596,9.82008624024,0.0133711337513,0.0133711337513,0.0133711337513,0.00668556687565,0.0,0.0,0.0,0.0611882679134,0.78352021939,12.7138320367,3.80190474138e-05,0.0191103281134,0.0105221905185,15.5272,0.00690719341758,0.00484042505797,0.00668556687565
1.0,12.0,298.08041,21.2765339892,0.417820815531,7.34236520153,16.6706012489,0.417820815531,1.09813553779,21.1022418948,1.20541142344,0.852154128753,26.8370421133,0.00910828054752,38.14,2.6665,96.1440327299,30.2442558105,71.9614027998,16.8835944973,0.0201287967901,0.0234835962551,0.0201287967901,0.0100643983951,0.0,0.0,0.0,0.0345575118758,0.949216588218,15.7504291699,2.75530630711e-05,0.0164348535377,0.0134089592139,48.1444,0.00306964151049,0.00524307037152,0.00335479946502
0.0,13.0,298.84794,18.8755697908,0.563136222388,3.79827716982,16.8968506645,0.563136222388,1.04604361174,11.5274900368,0.549209709469,0.638115381581,63.8488981609,0.00541077847149,82.3175,4.2832,230.007628833,99.0434742886,101.445520379,49.7917234638,0.0100385500399,0.0133847333865,0.0100385500399,0.00669236669324,0.0,0.0,0.0,0.0191256829044,1.19120646885,20.0614598425,4.81614054233e-05,0.0224151870302,0.0101881155188,25.0443,0.0129932299349,0.00516265793978,0.00334618334662
1.0,13.0,295.67436,20.1472853834,0.769253444905,6.81207532113,18.3753570411,0.769253444905,1.15490340616,22.4529758297,0.912267998393,0.826854031094,67.0443984997,0.0133572623612,19.7955555556,1.35913222222,76.8763898017,24.3145065263,53.3230798912,37.0669770011,0.0270567931558,0.0304388923003,0.0270567931558,0.0135283965779,0.0,0.0,0.125,0.0614763274617,0.976130437076,17.8604958247,6.14548579528e-05,0.0185909329592,0.0256148622552,52.70088,0.015844458072,0.00749328713923,0.0169104957224
0.0,14.0,297.12918,20.9337434853,0.597589237112,9.7730813338,18.049757953,0.597589237112,1.15158601291,24.8394031949,1.15381786088,0.863514836504,63.3498677846,0.00927340761348,39.977,2.11814,161.577357415,63.5435044067,63.4281628479,47.3224580932,0.0269243162183,0.0336553952729,0.0269243162183,0.0134621581091,0.0,0.25,0.25,0.0343614355519,1.13028918077,20.3165183213,2.8735880038e-05,0.0161201995702,0.0120187191207,40.1248,0.00185441227953,0.00499154053478,0.00336553952729
1.0,14.0,298.62819,22.8110065166,0.667337534343,12.3326619142,19.7151602701,0.667337534343,1.31146672598,31.2381904222,1.20210323272,1.05551752696,62.6581490428,0.018524707932,37.4716666667,2.11275,124.392663009,38.6644885763,65.2674774284,26.9494621727,0.0602756223383,0.0602756223383,0.0569269766528,0.0334864568546,0.0,0.0,0.0588235294118,0.0407912056464,0.9938761546,19.526946826,1.12936110385e-05,0.0138082309029,0.0182650025326,63.3154,0.0,0.00422638310362,0.00334864568546
0.0,15.0,297.97806,20.2131822057,0.661822551633,5.77371931923,17.5835146454,0.661822551633,1.08821491964,26.3630071643,0.830745266192,0.855772494842,54.6672790609,0.0137852431149,32.9466666667,1.96676666667,95.9082824416,70.1263757939,78.8813892277,31.6371862893,0.0369154695483,0.0402714213254,0.0369154695483,0.0201357106627,0.0,0.0,0.0909090909091,0.0370221313356,1.06598300525,18.651171543,2.17983116058e-05,0.014305050847,0.0293967056093,54.0864,0.00195651988606,0.00584873546325,0.0167797588856
1.0,15.0,298.896516,21.2983864573,0.716927058461,10.2093496994,19.1486196458,0.716927058461,1.24680600214,21.3817231763,0.589455410933,0.604643348431,105.609723286,0.0,23.18625,1.66051,177.641576492,80.9650839504,106.347357755,61.3346600301,0.0167281976616,0.0267651162585,0.0167281976616,0.0100369185969,0.0,0.333333333333,0.2,0.0462935705093,0.84232157207,16.0842507882,3.7511563937e-05,0.0176159909899,0.0141890546881,45.2475,0.00590839941406,0.00555770553423,0.0
0.0,16.0,288.52943,20.8008566178,0.689998590438,12.1836315368,18.8904542508,0.689998590438,1.15788075532,17.9505524177,0.88788284527,0.557444659838,56.333010811,0.0039271557151,13.7333333333,0.888866666667,63.7106867051,24.1364924654,65.3646811254,10.2344687588,0.00693170190646,0.0103975528597,0.00693170190646,0.00693170190646,0.0,0.5,0.5,0.0730775841109,1.05016039449,19.7815820783,3.18396226636e-05,0.0156262003658,0.0135229884585,32.0342,0.00427339422533,0.00618887794567,0.00693170190646
1.0,16.0,298.895804,23.3137390713,0.481907601486,13.9594114526,17.2346644945,0.481907601486,1.13837689306,49.8037971209,1.3462754705,1.1816036555,83.1893729654,0.0122183046772,50.1530769231,2.63051307692,177.142744641,82.5104223275,108.786590323,77.5433291489,0.0401477700236,0.0434934175255,0.0434934175255,0.0267651800157,0.0,0.0,0.0769230769231,0.0391442552395,1.18083324045,20.3024795688,8.94608470588e-05,0.022563675983,0.0440373331217,73.6098,0.0235379684353,0.00777741826617,0.0167282375098
0.0,17.0,268.41378,21.9355299959,0.826721750277,8.39477105772,19.8768648839,0.826721750277,1.22106505809,32.770395028,1.18263340043,0.934934031852,48.7612242952,0.0130917272578,31.9935294118,1.66365294118,71.776028446,63.6954410817,44.4627365255,30.7455084685,0.0558838670652,0.0633350493406,0.0596094582029,0.0223535468261,0.0,0.166666666667,0.25,0.0437140047878,1.08614256202,21.4895138292,6.16368633334e-05,0.0177792643292,0.0428984813186,86.3041,0.0222138371584,0.00832408263017,0.011176773413
1.0,17.0,298.3467,21.2860272293,0.572772348412,8.17084796264,16.9312026205,0.572772348412,1.14798136002,40.3760602844,1.81717561043,1.95497428734,33.6389545317,0.0854033243874,18.52,1.40894545455,79.2380004286,51.8276865693,54.7283245379,25.3076443524,0.0670361026283,0.0737397128911,0.0703879077597,0.0368698564455,0.0,0.181818181818,0.285714285714,0.127821755695,0.94044746126,15.8569051104,8.45279528395e-05,0.0200382405693,0.0530101436933,77.54857,0.0401103816466,0.00934931333041,0.040221661577
0.0,18.0,298.53062,18.5460719217,0.473079109942,2.34130025487,16.3338194875,0.473079109942,1.00896201018,8.83774304141,0.638802922371,0.472191724967,44.5993479187,0.0,35.0466666667,2.3216,237.001005887,61.4173,127.497760543,23.325466823,0.00669948027442,0.0100492204116,0.00669948027442,0.00334974013721,0.0,0.0,0.0,0.0360919088301,1.00665778293,16.3745610714,8.771940153e-06,0.012331164316,0.00829280798158,21.0327,0.0,0.00365096983992,0.0
1.0,18.0,298.18065,18.8383269561,0.31954186162,2.77342423759,15.2628138992,0.31954186162,1.01474904431,10.3981708546,0.650729816512,0.447655184327,51.9095615881,0.00843448426315,20.2066666667,1.8662,177.715806891,0.619545,69.8565192412,11.1813616847,0.0100610150256,0.0100610150256,0.00670734335042,0.00335367167521,0.0,1.0,0.5,0.0598965926357,0.780868894174,11.8575090719,2.91589007409e-05,0.0166083164937,0.00760003262184,19.0658,0.00190119647268,0.0047262021519,0.0
0.0,19.0,299.050054,19.2196955265,0.193169000398,2.63833373219,15.0318255738,0.193169000398,1.02456266672,8.46792550995,0.556563557861,0.415945965012,48.5428786751,0.00133857190342,107.83,5.5662,0.0,0.0,200.0,52.2467,0.0,0.00334392181718,0.0,0.0,0.0,0.0,0.0,0.0152610055965,1.32469054652,19.8592076354,1.33426643768e-05,0.0136531993683,0.00648074571518,18.16819,0.0,0.00394787324024,0.0
1.0,19.0,298.54946,21.2003505884,0.449607914213,5.63757602307,14.6517886634,0.449607914213,1.19982707576,43.3763487943,0.643803338358,0.546916876573,132.69857651,0.0,33.6757142857,3.9688,94.6959360037,84.6554181441,123.011979999,89.5355671651,0.0133981150058,0.0234467012602,0.0133981150058,0.0066990575029,0.0,0.0,0.0,0.0384863291716,0.626344195121,9.14231416646,7.77855459433e-05,0.025008014923,0.0147194860046,51.96354,0.0215508679868,0.00588258819282,0.0
0.0,20.0,298.76489,20.6578519209,0.313343713179,5.70677280853,15.4066067607,0.313343713179,1.08910235272,18.6020893102,0.713371034485,0.508088167417,62.7314809676,0.0,72.885,4.620425,225.968637324,95.1684367607,139.350448515,114.392145172,0.00334711351123,0.0133884540449,0.00334711351123,0.00334711351123,0.0,0.0,0.0,0.0205225157586,1.07529208293,16.5158868646,1.56938996034e-05,0.0126212131642,0.0100077844853,40.5082,0.0,0.00569373675208,0.0
1.0,20.0,298.77195,19.939785451,0.788998900332,2.83442946326,18.6986548779,0.788998900332,1.20454277315,9.6928729886,0.795137487863,0.539990950226,34.471644822,0.00278707556047,63.5283333333,3.12460666667,53.5472216959,67.9568894126,101.196656513,20.6538736097,0.0167351720936,0.0200822065124,0.0167351720936,0.0100411032562,0.0,0.666666666667,0.6,0.0239133375671,1.14102474867,21.266167694,2.07507701532e-05,0.0135428306512,0.0135939534637,48.9695,0.0,0.00651775878771,0.0
0.0,21.0,298.939235,19.2613017462,0.639897402561,7.46323987932,17.4224189199,0.639897402561,1.09571811309,13.61346368,0.781388145901,0.679413801005,41.5595818176,0.00596442283663,32.6616666667,1.96705,115.508668896,85.2393684907,93.5219532038,30.2653015896,0.0167258071695,0.0200709686034,0.0133806457356,0.00669032286779,0.0,0.0,0.0,0.0410838298658,1.04313538451,18.1212122815,1.09357187223e-05,0.0140812892332,0.0101669546689,29.8629,0.0,0.00374282684097,0.00669032286779
1.0,21.0,299.017668,22.237076265,0.549235772918,11.9038972239,17.6111768318,0.549235772918,1.15582551488,38.5273738581,0.755557830787,0.777692274072,54.6018468153,0.00228548367918,57.49125,3.073325,138.896766052,58.4801884741,72.0753748907,20.6454707737,0.0200657039436,0.0267542719248,0.0234099879342,0.0133771359624,0.0,0.0,0.0,0.0556618019404,1.11865816967,19.6507864468,2.73023392009e-05,0.0210753246981,0.018388560255,29.3802,0.00598526505798,0.00400264572198,0.0033442839906
0.0,22.0,298.28463,20.4093126839,0.565973178035,9.35742369942,17.6236861221,0.565973178035,1.14867379197,20.1046303535,0.718741529458,1.22271274712,78.6164923137,0.00401965062699,13.11,0.9026,127.79819216,38.5215969947,92.7998851479,22.520502916,0.020115015648,0.023467518256,0.01676251304,0.013410010432,0.0,0.0,0.0,0.0790559118879,1.02820585537,18.0404954259,0.000192264556605,0.026554313759,0.0277927379221,44.8801,0.0606900194623,0.0120069472176,0.023467518256
1.0,22.0,299.293121,21.9832116966,0.416513749409,17.0034229293,16.6385983982,0.416513749409,1.18152105671,31.0979104026,0.730368462214,0.938648503283,101.021471457,0.000501180914212,28.145,2.05555,217.883092555,84.239736695,112.451264352,19.1670314728,0.0167060304737,0.0200472365685,0.0167060304737,0.013364824379,0.0,0.25,0.2,0.0461581412043,0.948304378322,15.7516422069,8.25430661654e-05,0.0205423544177,0.0177841706836,46.677,0.0222504278673,0.00778887960391,0.00334120609474
0.0,23.0,281.877773,20.3652236246,0.736812973189,4.61718498622,18.6035144824,0.736812973189,1.13591680441,14.7910751762,0.547436403371,0.452673827851,66.1439195424,0.00450549891353,117.474,6.43036,70.7701608005,27.6280244055,46.0446201018,33.1158888022,0.0141905477592,0.0177381846989,0.0141905477592,0.00709527387958,0.0,0.0,0.25,0.0129930820788,1.00792749814,18.7161809787,6.46957693647e-06,0.0122696517021,0.00702941862465,22.5959,0.0,0.0033223074446,0.0
1.0,23.0,299.141599,22.6567562924,0.466753873305,14.7762469013,17.0977051178,0.466753873305,1.15216786688,39.25063464,0.727438422383,0.87757961317,76.205479696,0.00907663798374,61.6433333333,3.772375,80.8864718928,14.5074560625,36.3590196678,46.3103646726,0.0434576803877,0.0401147818963,0.0434576803877,0.0200573909482,0.0,0.0,0.153846153846,0.0258064887346,1.0123786697,17.2797393892,2.88487591255e-05,0.0161722605587,0.0186345150075,66.0982,0.00518216124131,0.00552270848228,0.0133715939654
0.0,24.0,298.881668,19.1086178191,0.398042813385,3.50284738742,15.7679149378,0.398042813385,1.0660894691,15.9145102422,0.897392850767,0.645760830268,34.4881373806,0.0416402253215,29.9057142857,2.07401428571,56.5764151847,17.6726495889,49.3250332125,10.1441933512,0.0234206401712,0.0234206401712,0.0234206401712,0.013383222955,0.0,0.0,0.0,0.0824869969165,0.99529525241,15.6467203418,2.55574068925e-05,0.0146381585495,0.020560294793,27.06833,0.0,0.00616185055788,0.00669161147749
1.0,24.0,297.286573,21.8391217773,0.522552728945,8.61468117804,17.9616725636,0.522552728945,1.24087698454,23.545898512,0.77224431761,0.510362052445,80.8100896812,0.0150232146542,32.8225,2.1626,271.778807139,111.077975399,110.189292295,15.7835505353,0.00336375770324,0.013455030813,0.00672751540649,0.00336375770324,0.0,0.0,0.0,0.0405842043605,0.911324052936,16.3432424639,8.17605749573e-06,0.0132089378251,0.00768019849872,18.4133,0.0,0.00353703155883,0.00336375770324
0.0,25.0,299.267971,19.6661922821,0.258578823993,4.41345878764,14.9617544797,0.258578823993,1.05778954324,13.3352150011,1.04191933945,0.609540289755,29.0767989309,0.00652759462856,37.721,2.26963,96.655480025,38.0600244697,64.3132698999,17.8180226725,0.0300733819591,0.0334148688434,0.0300733819591,0.0167074344217,0.0,0.0,0.111111111111,0.0376826083595,1.20142094897,17.942707989,7.84717077694e-06,0.0113968650023,0.011867174664,41.9307,0.0,0.00434003208149,0.0
1.0,25.0,269.92069,23.6380865879,0.597315826364,14.4167286236,19.3765710331,0.597315826364,1.30836912599,40.2250254009,1.47171567059,1.0007899476,57.1514847356,0.00633037800844,20.904,1.21010933333,100.07035095,57.8106345754,64.7729700492,18.6232038346,0.0481622953765,0.0555718792805,0.0481622953765,0.0259335436643,0.0,0.285714285714,0.153846153846,0.104381295038,1.05787488873,20.4111159504,2.21850454774e-05,0.0143218254064,0.0248132672386,36.506,0.00209691224485,0.00574475023534,0.00370479195204
0.0,26.0,298.54374,25.8422790956,0.327129619265,11.0002740845,16.4537587565,0.327129619265,1.12568227691,51.3952513039,1.0704994,0.688527257068,75.8942091698,0.00323905636072,72.58,3.43886666667,160.977270686,200.0,83.1530216781,64.3677658738,0.010048778782,0.010048778782,0.00669918585464,0.0,0.0,0.0,0.0,0.0367085081452,1.33495469828,21.8813844394,2.78740167117e-05,0.016119456764,0.00829583941502,17.1996,0.00044382106287,0.00449292044736,0.00334959292732
1.0,26.0,292.60288,21.4460694006,0.563519060373,12.2866903323,18.2352481989,0.563519060373,1.18090563205,22.7174194867,0.907105656539,0.778555851695,69.603819399,0.0,124.04,6.2823,0.0,0.0,200.0,36.2038,0.0,0.00341760135785,0.0,0.0,0.0,0.0,0.0,0.012558531409,1.10845113208,20.14973932,3.01304996105e-06,0.0101049,0.00450424930232,14.9658,0.0,0.00283787888578,0.0
0.0,27.0,298.289869,20.0837189122,0.585683317324,7.22466556212,17.5207943512,0.585683317324,1.12981546058,17.1079752914,0.953804671887,0.797453558612,56.7770357337,0.00195782713626,38.1328571429,2.36925571429,109.415855984,13.775916888,92.019941965,30.5928502904,0.0201146623588,0.0234671060853,0.0201146623588,0.0100573311794,0.0,0.333333333333,0.166666666667,0.0347635385418,1.00091039534,17.4869294552,2.02575185037e-05,0.0137926418674,0.0111889135689,41.45137,0.0,0.00610797001019,0.0
1.0,27.0,275.958114,20.7765047454,0.837398642317,6.7248705067,19.6721012835,0.837398642317,1.19091685148,13.6055124256,1.14410014045,1.10753936082,42.2293676624,0.0,35.3283333333,2.0858,103.503126366,78.8225487408,105.449145779,31.3878314462,0.0144949533899,0.0217424300849,0.0144949533899,0.00724747669496,0.0,0.0,0.0,0.0409416606964,0.971850575239,19.0700983843,7.02043165667e-05,0.0250623664109,0.00791929364861,18.8617,0.00815304890799,0.00558052952972,0.0
0.0,28.0,298.5363,20.6474979528,0.633383946944,4.86700086639,17.3570901081,0.633383946944,1.11250287297,27.5349873822,1.00419972626,0.640454893839,37.6049152961,0.00970769718791,42.153,2.54257,87.7419501883,34.1375600116,67.4748734917,15.7114969237,0.0301470876406,0.0334967640451,0.0301470876406,0.0167483820226,0.0,0.0,0.0,0.035589935116,1.04838611081,18.1229055516,2.30353051956e-05,0.0149734934055,0.0143946506769,41.3111,0.0,0.00535807323788,0.0
1.0,28.0,282.85232,22.5444669902,0.572026066465,18.1001559949,18.6951700854,0.572026066465,1.31381380425,33.5632836467,0.995241220996,0.708952927201,68.5023597474,0.0235090877105,29.2441666667,1.76850833333,67.4136501062,25.0197524859,44.6042671726,24.1723719974,0.0388895519754,0.0424249657913,0.0388895519754,0.0176770690797,0.0,0.0,0.0,0.0432069585134,0.997187635969,18.5596894384,1.31941168359e-05,0.0132067963545,0.0165067532762,64.8501,0.0,0.00467793291951,0.0106062414478
0.0,29.0,292.873979,20.0770905373,0.59270338933,5.27067827005,17.821690097,0.59270338933,1.12353707794,12.4228649415,0.620526114711,0.660116941424,33.2606562199,0.0,91.1766666667,5.95546666667,39.4117321672,26.0955521543,55.417216341,52.8274867647,0.0136577514112,0.0102433135584,0.0136577514112,0.00682887570562,0.0,0.0,0.0,0.0202784699716,0.888579586534,15.8042067602,9.95761418322e-06,0.0128705599893,0.00824578655899,23.4652,0.0,0.00429555747708,0.0
1.0,29.0,298.962859,20.6328299031,0.466122783499,11.8316197954,16.5921171524,0.466122783499,1.09583870316,24.654191382,0.775390781409,0.92493453315,49.5242625073,0.00786920491686,32.086,2.06354,152.458156811,27.0708784828,67.1504714203,61.5382955638,0.0167244854987,0.0167244854987,0.0167244854987,0.00668979419949,0.0,0.0,0.0,0.0482539884707,1.0596834242,17.5418538056,4.90930746337e-05,0.0183076085047,0.0150036162384,39.6011,0.0116382349688,0.00673496091978,0.013379588399
0.0,30.0,298.59455,20.8187908726,0.350939760957,3.20219967027,15.4837436201,0.350939760957,0.982485430624,23.3506990597,0.897179279147,0.960553913175,67.6676766855,0.0111180863817,32.6966666667,2.35136666667,104.330901029,58.6711,114.672048281,15.9536890332,0.00669804589535,0.010047068843,0.00669804589535,0.00334902294767,0.0,0.0,0.0,0.0518275743071,0.962742165447,14.8502118415,2.0238137743e-05,0.0152073182323,0.025575472672,23.2385,0.00223011438086,0.00441079969717,0.010047068843
1.0,30.0,298.62644,19.6939789532,0.462436614789,11.1610728074,15.6612096846,0.462436614789,1.08107051843,29.3213435361,0.666048249945,0.577951660104,76.9908865933,0.0,31.2275,2.262325,42.039735,22.230935,105.36754553,32.2866094584,0.00669733061815,0.0133946612363,0.00669733061815,0.00669733061815,0.0,0.0,0.0,0.050605880215,0.954987333557,14.9055394296,2.91001006442e-05,0.0195675870177,0.00820362525218,19.2488,0.0044671195223,0.00370320166076,0.0
0.0,31.0,277.73877,22.2171810029,0.629287369567,11.0404631651,18.9245258993,0.629287369567,1.1644818423,30.1007608678,0.88334237519,0.875512298035,82.1799664618,0.0126773802592,22.6725,1.662575,172.344471447,2.89401696296,107.547565791,16.3240086977,0.0108015168354,0.0144020224472,0.0108015168354,0.0072010112236,0.0,1.0,0.666666666667,0.0583025206081,0.835679375775,15.7590333684,9.38001865178e-06,0.0122711734671,0.00774322240712,19.93,0.0,0.00422908234614,0.0072010112236
1.0,31.0,298.60829,20.2489171233,0.266394479537,7.03058871574,14.094769977,0.266394479537,1.02533853317,22.5726043817,0.75527237487,0.735377293608,57.6144463432,0.016121789519,24.82,2.274,83.847939274,111.180674633,134.204557567,19.4018793752,0.0133954753902,0.0234420819328,0.0133954753902,0.00669773769509,0.0,0.0,0.0,0.0563045694622,0.876560726827,12.31369438,3.66401815766e-05,0.0166272334938,0.0154176814228,43.5029,0.00464488109155,0.00667233963463,0.00669773769509
0.0,32.0,276.512329,21.8734353836,0.688658262323,6.66655006142,19.1515617052,0.688658262323,1.19719308399,25.4820096612,0.540375853377,0.577318917962,82.3999345026,0.00271958940391,67.5225,3.520175,131.54557745,39.2751849582,73.4347639564,48.4201495102,0.0180823763558,0.0144659010846,0.0180823763558,0.0108494258135,0.0,0.0,0.0,0.0261143053754,1.05125247892,20.0832561677,4.04366607866e-06,0.0103743913478,0.0073141199191,18.1757,0.0,0.00295892868057,0.0
1.0,32.0,294.75658,20.4999539067,0.722977923003,4.85404860319,17.7979205992,0.722977923003,1.14179661922,29.1458041012,0.753369403086,0.915890855961,65.8428388526,0.00667024973624,32.026,1.76217,116.358769101,41.5578683781,77.1453258516,26.6067186907,0.0271410395656,0.033926299457,0.0271410395656,0.0169631497285,0.0,0.0,0.0,0.0434147057849,1.14906630937,20.3777818284,7.16371497174e-05,0.0221969892151,0.0167834752765,35.9763,0.0136790839411,0.00616498439623,0.0067852598914
0.0,33.0,298.47509,22.9847429267,0.273555491683,11.8195714479,13.6721556809,0.273555491683,1.0551452354,43.2780417121,0.681336000402,0.881711672265,145.717004768,0.0129531747524,10.32,1.1834,400.0,200.0,200.0,2.90807,0.0,0.00335036334188,0.0,0.0,0.0,0.0,0.0,0.119422262312,0.725278177837,9.87335536927,2.73059515592e-05,0.0202903873741,0.0195224885274,20.8921,0.00535689594733,0.0038248819866,0.0100510900256
1.0,33.0,298.85826,18.1790884587,0.18369176077,0.807632369494,13.3793884452,0.18369176077,0.916051025246,12.5233627471,0.504408645333,0.704857117168,100.622587969,0.00328918464559,66.33,4.67925,223.230885468,45.6817316583,37.6659691654,72.0712820359,0.0100382033945,0.0133842711926,0.0133842711926,0.00669213559632,0.0,0.0,0.0,0.0225500681973,1.11068512696,14.8221562964,3.94504629201e-05,0.0162052369019,0.0164837143933,66.2088,0.00735800308815,0.00706347122252,0.0100382033945
0.0,34.0,297.95493,17.7460563346,0.149623636031,0.492323050106,12.7096721131,0.149623636031,1.01459182268,14.9435285267,0.44289948257,0.530757191094,139.849607163,0.00866641139316,65.6457142857,4.36877142857,208.02771839,77.480544627,152.997839514,111.206011978,0.0134248491878,0.0234934860786,0.0100686368908,0.0100686368908,0.0,0.0,0.0,0.0307094545644,1.24015248291,15.6732353682,6.83824907471e-05,0.0191969860099,0.0185098047889,53.433,0.0170569421355,0.00721760068677,0.00671242459388
1.0,34.0,298.69306,19.3945931513,0.234693434123,4.13444858546,14.2769315677,0.234693434123,1.4548070188,14.3676585009,0.380295302308,0.407637160604,118.076937446,0.00463017118643,38.2433333333,3.14883333333,82.7332731393,25.1018986611,60.3019136425,72.93412921,0.0167395921418,0.0200875105702,0.0167395921418,0.0100437552851,0.0,0.333333333333,0.2,0.0321608922686,0.905661228516,12.8886684963,1.67904712857e-05,0.0135417849115,0.0127297919646,41.8818,0.0,0.004801649982,0.0
0.0,35.0,275.942966,21.2284641641,0.743406882131,10.2118558126,19.2622928246,0.743406882131,1.19447550204,21.7695800708,1.05277493802,0.965762500405,43.1032479929,0.00447556253345,65.04,4.008125,191.695342531,100.680719311,114.382138579,26.5918464902,0.0072478745481,0.0144957490962,0.0072478745481,0.00362393727405,0.0,0.0,0.0,0.0251902183576,0.888216228734,17.0669189273,1.7096429227e-05,0.0163458705858,0.010059199794,22.9194,0.00303033634856,0.00430614151658,0.00362393727405
1.0,35.0,298.842788,21.1558570788,0.484072849702,16.2693949166,16.3481584597,0.484072849702,1.18452005743,41.6414313441,1.34973386642,1.35491348653,54.0766143208,0.0222351024245,52.11625,2.933025,149.801315526,54.6125229143,79.4335195942,47.2779921594,0.050193615514,0.0535398565483,0.0435011334455,0.0267699282741,0.0666666666667,0.375,0.307692307692,0.0338591783662,1.16518502336,18.9891642986,7.56499156095e-05,0.0199640446697,0.0486968634409,55.9031,0.0302871622252,0.00777125212121,0.0234236872399
0.0,36.0,298.43092,18.6152606667,0.51001786276,1.1830922298,16.0875731996,0.51001786276,1.03016397061,12.5781825785,0.829399649025,0.593001489086,98.3442970982,0.0,42.89,5.1325,0.0,0.0,200.0,30.1999,0.0,0.00335085922062,0.0,0.0,0.0,0.0,0.0,0.0367697495684,0.538814280782,8.63626017555,1.10830913664e-05,0.0135171084444,0.00779023625824,26.91208,0.0,0.00399145621782,0.0
1.0,36.0,298.966455,20.024489206,0.393360519326,5.41112618064,15.3781365113,0.393360519326,1.03617029845,24.5797019896,1.12641732444,1.20136343584,85.7336545749,0.00915821810176,24.5323076923,1.54696923077,226.251940303,104.743305081,124.691949899,41.8311680727,0.0267588549357,0.0434831392706,0.0267588549357,0.0133794274679,0.0,0.0,0.0,0.0549395283125,1.18790721765,18.2252962935,8.76765462922e-05,0.019456378142,0.0249086375242,78.0184,0.0401115235487,0.00937168723942,0.0100345706009
0.0,37.0,275.20362,20.8391476951,0.749254388442,5.74243361531,19.1025359241,0.749254388442,1.25326155913,14.9338499781,1.28244622268,1.04736823815,49.7067349493,0.00210280664186,38.4975,2.18782083333,132.866078974,26.4405678589,51.368186112,41.6513905698,0.0363367313264,0.0436040775917,0.0399704044591,0.0218020387959,0.0,0.0,0.0,0.0348648679094,1.00191011452,19.0772145782,9.46997532386e-05,0.0203976540616,0.0187164955003,43.65884,0.0267183985443,0.00897109726362,0.00726734626529
1.0,37.0,298.963563,20.9173769685,0.437117816929,7.12222642857,16.1868539476,0.437117816929,1.03637183086,29.4988889898,1.33143357556,1.17593472002,51.9380003367,0.0,40.445,2.33519833333,213.427317955,96.0022735849,108.131180643,70.409239895,0.0301040030086,0.0401386706781,0.0267591137854,0.0133795568927,0.0,0.0,0.125,0.0386723652861,1.17282091311,18.9349386701,4.3776960389e-05,0.0172366847334,0.0157063880409,54.76618,0.0130417230812,0.0065544774926,0.00334488922317
0.0,38.0,298.26001,19.276947782,0.345733576553,4.39150376271,14.2425980465,0.345733576553,0.973785333562,22.8716830255,0.672467460752,0.819564241094,77.7923372421,0.0015657479526,24.95,1.93485,195.689134169,10.1638,99.7686318206,22.7407377895,0.00335277934176,0.00670555868351,0.00335277934176,0.00335277934176,1.0,0.0,0.0,0.0530275556451,1.00219978403,14.2116295501,5.8055570693e-05,0.0220055238368,0.0116961023174,34.3648,0.0142526649818,0.00599921910175,0.00335277934176
1.0,38.0,298.72999,19.2271036059,0.242806555847,3.85630300001,14.9886542449,0.242806555847,0.987175814106,11.1241991295,0.54114212295,0.479374931882,76.866435043,0.0,43.17,2.98715,182.595710987,38.5816683489,74.1981602779,111.443624709,0.0100425136425,0.01339001819,0.0100425136425,0.006695009095,0.0,0.0,0.0,0.03247538542,1.01706829634,15.1922865608,1.17886136493e-05,0.0128304842165,0.0114275267648,40.1087,0.0,0.00446865935278,0.0
0.0,39.0,298.37213,19.7438697329,0.109939557693,6.69934070032,13.7647815474,0.109939557693,0.974235689577,8.95263550424,0.501704616436,0.453991022411,60.1524777511,0.0,200.0,0.0,0.0,0.0,0.0,200.0,0.0,0.0,0.0,0.0,0.0,0.0,0.0,0.0,1.0,0.0,4.2411485591e-06,0.0100071,0.00405209786079,8.2159,0.0,0.00266868368003,0.0
1.0,39.0,298.32462,20.1222137354,0.325707278199,6.9163630718,15.8951122172,0.325707278199,1.02947031359,13.9903839751,0.611119963251,0.583201988328,60.9337648173,0.0,120.286666667,7.77846666667,199.016990262,21.2738,85.5928852278,46.5527073034,0.00670410641938,0.0100561596291,0.00670410641938,0.00335205320969,0.0,0.0,0.0,0.0131065340786,1.00217099897,15.8618552285,4.17791731136e-06,0.0123953613588,0.00694254585043,25.3679,0.0,0.00304272919645,0.0
0.0,40.0,291.927017,23.1905280936,0.524195059343,17.1725499611,18.4073738759,0.524195059343,1.22440913447,38.0838878865,0.751559801447,0.569866822113,94.1257731265,0.0,35.615,2.3177,92.5138,20.2931,104.620969787,39.7508515333,0.00342551371324,0.00685102742649,0.00342551371324,0.00342551371324,0.0,0.0,0.0,0.0384058612493,0.892386174496,16.3999367461,1.17307395164e-05,0.0150967266642,0.00605029936971,13.44772,0.0,0.00406639523855,0.0
1.0,40.0,298.74076,21.4555138398,0.542693839301,12.0806141471,17.1967222028,0.542693839301,1.11310940807,37.594404991,1.04325497865,0.8568181268,53.1210016591,0.0181518584876,20.7536363636,1.24967272727,78.8116834615,66.0197045422,54.6348472062,17.5785264487,0.0368212225208,0.0368212225208,0.0401686063864,0.0200843031932,0.0,0.166666666667,0.166666666667,0.0655797418677,1.13333533109,19.4254660374,7.35544244366e-05,0.0197885178247,0.0264166177284,50.6067,0.0184243355343,0.00780185017224,0.0133895354621
0.0,41.0,299.458819,21.9855429979,0.550952884109,11.8264914996,17.488456028,0.550952884109,1.09442127324,38.4264104623,0.715892827543,0.800698709869,119.325828607,0.00532994822236,27.855,2.0504,0.0,23.6153,73.9302869639,137.596911888,0.0,0.0066787146449,0.00333935732245,0.00333935732245,0.0,0.0,0.0,0.0618453543357,0.873389539876,15.2560253512,2.20516386521e-05,0.0172772471948,0.0135345019725,38.8724,0.0,0.0048566380029,0.0100180719674
1.0,41.0,299.046891,20.5979370197,0.471597278702,8.38000865765,15.8769451138,0.471597278702,1.05774982379,35.6733957605,1.06269715603,0.911134274494,103.994906223,0.0120359050982,26.09,1.593475,120.680051054,104.627419788,102.826580603,25.472134987,0.0234077002994,0.026751657485,0.0234077002994,0.0100318715569,0.0,0.0,0.0,0.0711450428835,1.16294467487,18.422102362,7.29582336875e-05,0.0212389784358,0.0347191682643,61.2397,0.0195588055788,0.00751795112125,0.0133758287425
0.0,42.0,298.84049,21.806504175,0.500908360845,8.98791299275,17.8366516722,0.500908360845,1.10128978244,24.4264970623,0.831539449604,0.700506067445,39.9733426046,0.0,75.5977777778,4.24038888889,81.9904093814,22.3138661195,98.9369448937,38.3927318179,0.0200776005956,0.0301164008933,0.0200776005956,0.0133850670637,0.0,0.0,0.166666666667,0.0180810720025,1.05083696546,18.6836216243,1.1076058993e-05,0.0124323333832,0.0108021626313,37.7226,0.0,0.00443942525713,0.0
1.0,42.0,298.837063,21.1114529495,0.633168885079,5.57812526732,17.7737314486,0.633168885079,1.16721309759,27.2597441953,0.980150666374,1.23491396512,70.1861826214,0.00303509876216,57.411,3.631435,128.650698519,29.5581065219,63.6498848887,38.2544466171,0.0267704411216,0.033463051402,0.0234241359814,0.016731525701,0.0,0.0,0.142857142857,0.0231268798678,0.933586040207,16.5482250186,4.59848159633e-05,0.0179771895532,0.0172137248934,62.73616,0.0129468545874,0.0064567579147,0.00669261028041
0.0,43.0,298.77685,19.1419896581,0.579778185626,6.67505960128,17.0264747106,0.579778185626,1.13558719557,15.14471857,0.950632155049,0.77473925816,34.4029749543,0.0337921093954,33.2771428571,2.63047142857,117.437002193,18.0694465932,70.0905799079,28.0423311496,0.0234288566869,0.0234288566869,0.0267758362135,0.0133879181068,0.0,0.0,0.125,0.0424017312085,0.834297279297,14.1538227949,1.51893991372e-05,0.01416905059,0.0119376712866,30.0083,0.0,0.00440843343162,0.0133879181068
1.0,43.0,299.196483,20.4034574273,0.29461108338,5.72550642734,15.4674704686,0.29461108338,1.03782477314,15.5550544085,0.838025574094,0.635763508711,46.5834280752,0.0090743045265,39.375,2.258475,82.0817584815,120.467391958,127.364611973,23.0169685262,0.0100268558304,0.0133691411072,0.0100268558304,0.00668457055359,0.0,0.0,0.0,0.0418995783776,1.23585578415,19.0829214182,1.27675813723e-05,0.0135252169192,0.0129603315901,23.9304,0.0,0.00438769391648,0.0100268558304
0.0,44.0,280.087142,20.4765634095,0.703152235385,5.65207606654,18.7207246472,0.703152235385,1.12814346333,14.3396680437,0.595149490081,0.444598953297,88.8696835264,0.0,39.69,2.39336666667,212.704944882,59.9517,146.160218157,57.1428021924,0.00357031741214,0.0107109522364,0.00357031741214,0.00357031741214,0.0,0.0,0.0,0.0363213718695,0.961402910764,17.953527235,3.03588916291e-06,0.0101049,0.00462434487702,11.3839,0.0,0.00271701873887,0.0
1.0,44.0,298.937983,19.9122681367,0.779765748269,6.27530256144,18.7624115585,0.779765748269,1.18990399798,11.3888160496,0.705767488839,0.535480567687,74.6163602679,0.0,19.1,1.2007,0.0,0.0,200.0,34.4461,0.0,0.00334517544396,0.0,0.0,0.0,0.0,0.0,0.0619787110852,1.0978649335,20.5381285833,3.11668282328e-06,0.01,0.00384886139898,4.8659,0.0,0.0024707369638,0.0
0.0,45.0,299.283306,19.7593758488,0.583275099213,6.37641182519,16.9442927679,0.583275099213,1.08751275843,18.4498387898,0.626012007316,0.61285721214,63.7090580554,0.0170373685995,43.84,2.4989,0.0,0.0,200.0,21.8676,0.0,0.00334131566964,0.0,0.0,0.0,0.0,0.0,0.0344424448397,1.15945037001,19.6147124175,1.28887794937e-06,0.01,0.0044078318474,5.7823,0.0,0.00228393525278,0.00334131566964
1.0,45.0,298.837952,18.912316821,0.527716104814,6.12553121835,16.8306619781,0.527716104814,1.10112756154,12.5726955389,0.665869768737,0.51941577027,33.7903584504,0.00251842175655,30.098,1.53338,70.7588812506,11.2004721712,63.4219230181,61.3616802893,0.0133851807417,0.0167314759271,0.0133851807417,0.00669259037085,0.25,0.5,0.25,0.0416210466029,1.36313018685,22.8720393301,4.08359970429e-06,0.0103221080706,0.010844094254,39.1266,0.0,0.00324169865007,0.0100388855563
0.0,46.0,293.20612,20.8717133556,0.596561558811,9.60121232835,18.1362482292,0.596561558811,1.13943134686,21.5553760659,0.818563398775,0.462469031594,68.6207358947,0.0,30.26,1.7668,0.0,0.0,200.0,104.16,0.0,0.00341057001129,0.0,0.0,0.0,0.0,0.0,0.046786955909,1.11756130416,20.1889097464,1.51293896415e-06,0.01,0.00292582476578,5.8672,0.0,0.00194903825703,0.0
1.0,46.0,298.869856,21.7158874583,0.558124871583,13.4581919952,17.7589371118,0.558124871583,1.09166164945,31.9623912303,0.774983687356,0.595408548594,85.0880770951,0.0127179102331,11.2316666667,0.722183333333,197.699377786,44.2934211111,127.669074945,78.5765950987,0.0167296898621,0.0200756278345,0.0167296898621,0.00669187594483,0.0,0.0,0.0,0.0804851192426,1.14893089432,20.3405039164,5.27380731528e-05,0.0162358590673,0.0134977876731,36.10518,0.00812728333499,0.00814436495822,0.0133837518897
0.0,47.0,299.005896,24.5397420233,0.717653306743,13.8006912121,21.1699327093,0.717653306743,1.43828960413,42.9434668329,1.4221488165,0.991613520675,73.5142005786,0.0284017810806,31.73,1.92626111111,96.4710023848,47.2331875552,39.5500474031,23.9536637045,0.0635438974755,0.0601994818189,0.0635438974755,0.0334441565661,0.0526315789474,0.0,0.105263157895,0.0445175163241,0.863600776537,18.241069341,4.73394508566e-05,0.0200028749851,0.0211264725756,56.6708,0.00941386119022,0.00595730670675,0.0100332469698
1.0,47.0,298.7241,21.0645757465,0.407549976718,10.5319587408,16.6913598876,0.407549976718,1.15887198254,22.9380439732,1.4445361163,1.32262251912,38.3273133495,0.017233293196,19.93,1.44415714286,91.5514359929,71.5088188669,88.3889927712,15.2534305654,0.0167378527544,0.0234329938562,0.0167378527544,0.0100427116527,0.0,0.0,0.0,0.0741988049035,0.975651044163,16.2461777122,5.97393120932e-05,0.0214171637179,0.0239096746319,25.52036,0.0135579954881,0.00613419621728,0.00669514110177
