{
  "10411": {
    "description": "Migration Package",
    "smallIconUrl": "https://s3-external-1.amazonaws.com/com-amazon-mas-catalog/M2GNCA893816ZU%2FMQMMG8S6P5625%2Fimages%2F_7d966d55-c4fc-4ed9-b613-5fefffe607c3_16e65970c30d8b1083906151073bac90",
    "price": 9.99,
    "itemType": "CONSUMABLE",
    "title": "Migration Package"
  },
  "10500": {
    "description": "Cloth Sack of Gems One Time Offer",
    "smallIconUrl": "https://s3-external-1.amazonaws.com/com-amazon-mas-catalog/M2GNCA893816ZU%2FM28WPYPDRQKWWD%2Fimages%2F_a9137ed5-7d68-46e8-ba8c-64aac707daf9_2564edf220eea6d66d7ab72ae7ead6d3",
    "price": 4.99,
    "itemType": "CONSUMABLE",
    "title": "Cloth Sack of Gems One Time Offer"
  },
  "10400": {
    "description": "Pile of Gems",
    "smallIconUrl": "https://s3-external-1.amazonaws.com/com-amazon-mas-catalog/M2GNCA893816ZU%2FM1HHTHO6YUXJE1%2Fimages%2F_29fe6990-bf8d-4a31-8d7c-a1ff04576f17_25faab37655136a1ac3cb4276cdb4755",
    "price": 4.99,
    "itemType": "CONSUMABLE",
    "title": "Pile of Gems"
  },
  "10402": {
    "description": "Pack of Gems",
    "smallIconUrl": "https://s3-external-1.amazonaws.com/com-amazon-mas-catalog/M2GNCA893816ZU%2FM1A8LF37G5W0GO%2Fimages%2F_cde55e07-c3b5-4bfa-ae0d-b61ceadcdf80_a3d7e012a7f025fd98afddcb6b98d906",
    "price": 19.99,
    "itemType": "CONSUMABLE",
    "title": "Pack of Gems"
  },
  "10404": {
    "description": "Mass of Gems",
    "smallIconUrl": "https://s3-external-1.amazonaws.com/com-amazon-mas-catalog/M2GNCA893816ZU%2FMDYCAIJK1VIZQ%2Fimages%2F_237885bd-daac-4ae1-8e90-f579239d6393_306681918ddb78a7b6f8476d222a2967",
    "price": 99.99,
    "itemType": "CONSUMABLE",
    "title": "Mass of Gems"
  },
  "10502": {
    "description": "Silver Chest of Gems One Time Offer",
    "smallIconUrl": "https://s3-external-1.amazonaws.com/com-amazon-mas-catalog/M2GNCA893816ZU%2FM3NDBS7OYN8L3N%2Fimages%2F_37979918-1ba4-40bf-bdd4-11327983fd01_57fc65fe8d246f540b2eb5040ba3fb87",
    "price": 49.99,
    "itemType": "CONSUMABLE",
    "title": "Silver Chest of Gems One Time Offer"
  },
  "10503": {
    "description": "Golden Package of Gems One Time Offer",
    "smallIconUrl": "https://s3-external-1.amazonaws.com/com-amazon-mas-catalog/M2GNCA893816ZU%2FM2B4P5EJE51ZZ1%2Fimages%2F_d5a84a11-36e3-440f-af82-e0c87ff92775_86f20cc5b5d356a090d64e54562d2fb5",
    "price": 99.99,
    "itemType": "CONSUMABLE",
    "title": "Golden Package of Gems One Time Offer"
  },
  "30302": {
    "description": "120 Daily Gems X 30",
    "smallIconUrl": "https://s3-external-1.amazonaws.com/com-amazon-mas-catalog/M2GNCA893816ZU%2FM1N71C5V0KD47B%2Fimages%2F_d3d59c52-bbcb-4be5-9a90-8be7e4c523fe_465743fbba00aef951b1ec4ea8494673",
    "price": 2.99,
    "itemType": "CONSUMABLE",
    "title": "120 Daily Gems X 30"
  },
  "20403": {
    "description": "Bag of Gems",
    "smallIconUrl": "https://s3-external-1.amazonaws.com/com-amazon-mas-catalog/M2GNCA893816ZU%2FM3SYY1V0D67GOS%2Fimages%2F_178c5f83-7dbd-4dd7-a8db-90eddef8a797_05ae02e143f08296cbddf617e87ec37d",
    "price": 49.99,
    "itemType": "CONSUMABLE",
    "title": "Bag of Gems"
  },
  "30510": {
    "description": "Iron Case of Gems One Time Offer",
    "smallIconUrl": "https://s3-external-1.amazonaws.com/com-amazon-mas-catalog/M2GNCA893816ZU%2FMVZII4L9ZUS86%2Fimages%2F_669f74a9-8421-4045-8659-b36314c2b990_48f881b26b0b59d3892135e15b770c5f",
    "price": 9.99,
    "itemType": "CONSUMABLE",
    "title": "Iron Case of Gems One Time Offer"
  },
  "30410": {
    "description": "Heap of Gems",
    "smallIconUrl": "https://s3-external-1.amazonaws.com/com-amazon-mas-catalog/M2GNCA893816ZU%2FM2DW4BAPB86JL8%2Fimages%2F_264c746b-a120-475b-850b-81647a9e2c96_2ae95b4eeab7a27cc68ba904d76c7b31",
    "price": 9.99,
    "itemType": "CONSUMABLE",
    "title": "Heap of Gems"
  },
  "20501": {
    "description": "Bronze Box of Gems One Time Offer",
    "smallIconUrl": "https://s3-external-1.amazonaws.com/com-amazon-mas-catalog/M2GNCA893816ZU%2FM31TGIF6VINWDK%2Fimages%2F_c73cd4e7-9b01-4a02-813b-88792f0a229f_4ef5de27802d96983651110d0e20deda",
    "price": 19.99,
    "itemType": "CONSUMABLE",
    "title": "Bronze Box of Gems One Time Offer"
  }
}