{
 "column_43": "categorical", 
 "column_48": "categorical", 
 "column_40": "categorical", 
 "column_28": "categorical", 
 "column_29": "categorical", 
 "column_26": "categorical", 
 "column_27": "categorical", 
 "column_24": "categorical", 
 "column_25": "categorical", 
 "column_22": "categorical", 
 "column_23": "categorical", 
 "column_20": "categorical", 
 "column_21": "categorical", 
 "column_52": "categorical", 
 "column_36": "categorical", 
 "column_44": "categorical", 
 "column_45": "categorical", 
 "column_46": "categorical", 
 "column_47": "numerical", 
 "column_7": "categorical", 
 "column_6": "categorical", 
 "column_5": "categorical", 
 "column_4": "categorical", 
 "column_3": "categorical", 
 "column_2": "categorical", 
 "column_1": "categorical", 
 "column_41": "categorical", 
 "column_9": "categorical", 
 "column_8": "numerical", 
 "column_13": "categorical", 
 "column_12": "categorical", 
 "column_11": "categorical", 
 "column_10": "categorical", 
 "column_17": "categorical", 
 "column_16": "categorical", 
 "column_15": "categorical", 
 "column_14": "numerical", 
 "column_35": "categorical", 
 "column_34": "categorical", 
 "column_19": "categorical", 
 "column_18": "categorical", 
 "column_31": "categorical", 
 "column_30": "categorical", 
 "column_33": "categorical", 
 "column_32": "categorical", 
 "column_54": "categorical", 
 "column_53": "categorical", 
 "column_51": "categorical", 
 "column_42": "categorical", 
 "column_49": "categorical", 
 "column_50": "categorical", 
 "column_37": "categorical", 
 "column_39": "categorical", 
 "column_38": "numerical"
}