<?xml version="1.0" encoding="UTF-8"?>
<xml>
<topic>
<number>CIRB010TopicZH001</number>
<title>集會遊行法與言論自由</title>
<question>
查詢集會遊行法中有關主張共產主義或分裂國土規定之修正與討論。
</question>
<narrative>
相關文件內容應敘述集會遊行法原本對主張共產主義或分裂國土之限制，其是否符合憲法中對言論自由等基本人權的保障，大法官對此議題的相關解釋，學者專家的討論與看法，以及集會遊行法條文的修改現況。
</narrative>
<concepts>
集會遊行法、集會遊行、集遊法、憲法、言論自由、保障、共產主義、分裂國土、大法官會議、立法、修正條文。
</concepts>
</topic>

<topic>
<number>CIRB010TopicZH002</number>
<title>新三不政策與台獨</title>
<question>
查詢美國所提出之對台新三不政策對民進黨台獨主張的影響。
</question>
<narrative>
１９９８年柯江會談中，美方非正式發表了對台新三不政策：不支持台獨、不支持一中一台的主張，不支持台灣以主權國家身分加入國際組織。相關文件中應論述其對民進黨台獨主張的衝擊，包括民進黨內人士對此的反應、看法，該黨人士所發表的相關言論，所引起的黨內爭議及採取的因應策略等。
</narrative>
<concepts>
新三不政策、柯江會談、民進黨、建國黨、許信良、林義雄、施明德、台獨、統獨、獨派、兩岸、中國、美國、中共、大陸、台獨黨綱、主權獨立、轉型。
</concepts>
</topic>

<topic>
<number>CIRB010TopicZH003</number>
<title>白色恐怖受難補償</title>
<question>
查詢政府對白色恐怖時期受難者之補償措施。
</question>
<narrative>
相關文件內容應包括補償之法源依據與補償條例之內容，如受理補償之機構，具體補償辦法，補償的對象與範圍，申請補償之程序，最高補償金額等。
</narrative>
<concepts>
白色恐怖、受難者、賠償、補償、補償金額、補償條例、申請、行政院、國防部、立法院、戒嚴時期、懲治叛亂、不當叛亂匪諜審判案件、受裁判者、基金會。
</concepts>
</topic>



<topic>
<number>CIRB010TopicZH004</number>
<title>選舉競選廣告播放</title>
<question>
查詢中央選罷法中有關競選廣告播放之相關規定與競選期間所裁定之違法案例。
</question>
<narrative>
相關文件內容包括電視競選廣告的內容認定方式，播放競選廣告的規範與限制，違規廣告處理的基本原則，曾在選舉中違法受罰的政黨、候選人，其違法原由、涉及的相關法規、受處分的情形等。
</narrative>
<concepts>
選舉、候選人、中選會、電視台、錄影帶、新聞局、廣電法、廣電處、選罷法、有線電視、競選廣告、電視、政黨、播放、媒體、違法、處分、罰鍰、審查。
</concepts>
</topic>





<topic>
<number>CIRB010TopicZH005</number>
<title>總統大選民意調查</title>
<question>
查詢台灣二千年總統大選中，有關正副總統候選人競選搭配之民意調查結果。
</question>
<narrative>
相關文件內容應包括調查執行的單位、調查進行方式、受訪對象、訪問內容等實施細節。調查的結果必須具備數據資料，依據調查結果對選情所做的分析、預測與討論亦視為相關。
</narrative>
<concepts>
二千年、總統大選、總統、副總統、民意調查、民調、問卷、受訪者、候選人、支持、提名、組合、搭配、政黨、投票。
</concepts>
</topic>



<topic>
<number>CIRB010TopicZH006</number>
<title>科索沃難民潮</title>
<question>
查詢科索沃戰爭中的難民潮情況，以及國際間對其採取的援助。
</question>
<narrative>
相關文件內容包括科省難民湧入的地點、人數，受安置的狀況，難民潮引發的問題，參與救援之國家與國際組織，其援助策略與行動內容之報導。
</narrative>
<concepts>
科省、柯省、科索沃、柯索伏、難民、難民潮、難民營、援助、收容、救援、醫療、人道、避難、馬其頓、土耳其、外交部、國際、聯合國、紅十字會、阿爾巴尼亞裔難民。
</concepts>
</topic>





<topic>
<number>CIRB010TopicZH007</number>
<title>卡特訪台</title>
<question>
查詢卡特訪台期間所發表之有關中美關係的言論。
</question>
<narrative>
相關文件內容以卡特在１９９９年初訪台時公開發表之言論為主，包括其對及中美關係發展的見解理念，對中美斷交所持的態度，以及對台灣關係法條文的相關議論。文件中若僅有其他人對卡特的評論，是不相關的。
</narrative>
<concepts>
卡特、演講、美國、台灣、中共、外交、中美斷交、中美關係、台灣關係法、中共建交、民主、道歉、國際、人權、和平。
</concepts>
</topic>



<topic>
<number>CIRB010TopicZH008</number>
<title>經濟痛苦指數</title>
<question>
查詢經濟類痛苦指數所代表的意義，以及台灣近年來在此方面之表現。
</question>
<narrative>
相關文件內容應說明民生痛苦指數與金融痛苦指數所牽涉到的經濟指標與指數計算方式，台灣近年來痛苦指數之具體數值資料，與其他國家之比較排名等。對於環境痛苦指數之議論，是不相關的。
</narrative>
<concepts>
痛苦指數、民生痛苦指數、金融痛苦指數、經濟成長、主計處、景氣、金融風暴、通貨膨漲、成長率、失業率、通膨率、消費者物價、股市跌幅、匯率貶幅、所得、薪資、指標、排名。
</concepts>
</topic>


<topic>
<number>CIRB010TopicZH009</number>
<title>兩稅合一與促進產業升級條例</title>
<question>
查詢兩稅合一制度之施行，對促進產業升級條例中企業租稅減免優惠措施的影響。
</question>
<narrative>
相關文件內容應說明實施兩稅合一制度後，在企業賦稅大幅縮減的情況下，對促進產業升級條例中個人股東投資抵減優惠規定的影響，以及經濟部與財政部對條例內容調整之爭議。
</narrative>
<concepts>
兩稅合一、促進產業升級、促產條例、產升條例、投資抵減、抵減率、租稅優惠、租稅公平、減免、個人股東、高科技產業、創業投資事業、經濟部、財政部、經建會、行政院。
</concepts>
</topic>



<topic>
<number>CIRB010TopicZH010</number>
<title>庫藏股制度</title>
<question>
查詢我國實施庫藏股制度之影響與利弊。
</question>
<narrative>
庫藏股是指股份有限公司取得自己已發行的股份或將其份收為質物。相關文件內容主要應敘述庫藏股制度的實施，對資本市場、公司經營、股東權益等之影響，以及各方面利弊之整合論述。立法院對庫藏股制度的立法修正過程，或以股市情況分析為主的報導，均是不相關的。
</narrative>
<concepts>
庫藏股、庫藏股制度、股市、股份、股票、股價、股東、護盤、公積、資本、上市公司、內線交易、認股權證、子公司、母公司、財政部、證期會、投資人、董監事。
</concepts>
</topic>

<topic>
<number>CIRB010TopicZH011</number>
<title>金融機構合併</title>
<question>
查詢我國政府單位鼓勵金融機構合併之各項措施。
</question>
<narrative>
財政部等相關單位為健全金融市場、改善金融體質，推動了一連串鼓勵銀行、證券商及保險公司等金融機構合併的措施。相關文件內容包括各項具體的獎勵優惠辦法、施行細節、法令中明定之規範條文、以及各界對相關政策的討論與評估。若文件中只陳述金融機構合併之個案，視為不相關。
</narrative>
<concepts>
金融機構、合併、銀行合併、租稅優惠、租稅減免、稅前盈餘、低利融資、促進產業升級條例、財政部、經濟部、央行、中央銀行、增值稅、印花稅、證交稅。 
</concepts>
</topic>



<topic>
<number>CIRB010TopicZH012</number>
<title>麥可喬登退休</title>
<question>
查詢ＮＢＡ籃球明星麥可喬登退休所帶來的經濟效應。
</question>
<narrative>
相關文件內容應包括麥可喬登在宣布退休之後，對各項產業、消費市場、股市等之衝擊情形與影響程度。文件中若只敘述球隊與球迷的反應，視為不相關。
</narrative>
<concepts>
麥可喬丹、麥可喬登、退休、飛人、籃球、代言人、耐吉、產品、運動鞋、運動產業、形象、銷售、廠商、市場、經濟、股價、美國股市。
</concepts>
</topic>



<topic>
<number>CIRB010TopicZH013</number>
<title>ＮＢＡ勞資糾紛</title>
<question>
查詢美國職業籃球賽ＮＢＡ於１９９８年底所發生之勞資糾紛事件始末與雙方協議內容。
</question>
<narrative>
相關文件內容應包括造成ＮＢＡ勞資糾紛事件的起因，勞資雙方的關係，雙方的主要爭議點，協商談判所達成的共識與新的合約內容等。文件中若只敘述封館對ＮＢＡ該球季球賽進行所造成的各項影響，視為不相關。
</narrative>
<concepts>
ＮＢＡ、球員工會、球隊、聯盟、勞資糾紛、勞資、談判、協議、簽約、薪資、停工、史騰、博德條款。
</concepts>
</topic>



<topic>
<number>CIRB010TopicZH014</number>
<title>職棒簽賭</title>
<question>
查詢職棒簽賭案對職棒運動、球隊、及球員的影響。
</question>
<narrative>
相關文件內容包括因涉及職棒賭博黑金事件被傳喚逮補之各隊球員與教練名單整理，球隊表現與比賽戰績所受到的影響，聯盟、球隊組織的異動，球迷與票房的流失情形，以及其對球團經濟狀況與球員收入所造成的衝擊。
</narrative>
<concepts>
職棒簽賭案、職棒、體委會、球員、球迷、球團、球場、虧損、票房、戰績、解散、停權、聯盟、賭博、黑金、約談、涉賭、放水。
</concepts>
</topic>



<topic>
<number>CIRB010TopicZH015</number>
<title>白曉燕綁架撕票案</title>
<question>
查詢法院對白曉燕綁架撕票案之判決結果。
</question>
<narrative>
相關文件內容應敘述法院對白案相關被告所進行的正式宣判，包括各次審判的內容、判決理由、判決結果的分析比較等。文件中若只敘述原告或被告人對判決結果的反應，視為不相關。
</narrative>
<concepts>
白案、白曉燕、綁架、擄人勒贖、判決、宣判、審判、改判、徒刑、自白、高院、最高法院、檢察官、合議庭、證據、一審、二審、陳進興、張志輝、張素真。
</concepts>
</topic>



<topic>
<number>CIRB010TopicZH016</number> 
<title>受虐兒童</title>
<question>
查詢兒童受虐的發生原因、案件統計及各項保護受虐兒童的措施。
</question>
<narrative>
相關文件內容包括相關單位如基金會或家扶中心對兒童受虐原因、受虐兒案件所進行的調查統計，社會對兒童的保護措施與相關法令，目前保護工作所遭遇的困難等。文件中若只敘述兒童受虐的個案，而無整合性之分析報導，是不相關的。
</narrative>
<concepts>
受虐兒、家庭暴力、婚姻暴力、父母、施虐、兒扶基金會、家扶中心、統計、兒童福利、兒童保護、親職教育。
</concepts>
</topic>




<topic>
<number>CIRB010TopicZH017</number> 
<title>流浪狗問題</title>
<question>
查詢各界為解決流浪狗問題所採取之相關措施。
</question>
<narrative>
相關文件內容應包括目前流浪狗所導致的各項問題，環保單位、學者專家等相關人士之看法與建議處理方案，政府及民間團體之現行措施，相關法令之制定與規範內容。若文件中只陳述流浪狗之不當處置情形與各界之抗議請命活動，而無論及具體的解決方案，視為不相關。
</narrative>
<concepts>
流浪狗、流浪犬、動物保護、動保法、保育、人道、飼主、寵物、棄養、晶片、收容所、設施、安樂死、結紮、領養、罰鍰、農委會、獸醫。
</concepts>
</topic>



<topic>
<number>CIRB010TopicZH018</number>
<title>獨居老人社會服務</title>
<question>
查詢政府對獨居老人所提供之各項社會服務內容。
</question>
<narrative>
相關文件內容應列舉出政府相關單位對獨居老人所提供的各項資源與援助措施，如福利制度、養護照顧、安全網的設立等。文件中若只敘述獨居老人的案例或民間團體的援助，而未提及政府之措施，是不相關的。
</narrative>
<concepts>
獨居老人、老人福利、政府、內政部、社會局、行政院、安養、養護、緊急救援、醫療、照料、通報、居家服務、電話、探訪、安全網。
</concepts>
</topic>


<topic>
<number>CIRB010TopicZH019</number>
<title>強制騎乘機車載安全帽措施</title>
<question>
查詢強制騎乘機車載安全帽措施之執行狀況與成效。
</question>
<narrative>
相關文件內容包括交通部所頒布的規範內容，警方的取締辦法，民眾的違規狀況，以及該措施行後的成效與影響，如安全帽戴帽率、路口肇事率、意外事故死亡率等統計數據與分析討論。
</narrative>
<concepts>
騎乘機車、強制、安全帽、騎士、警方、文通部、內政部、取締、執法、抽測、成效、違規、處分、戴帽率、路口肇事率、意外事故死亡率、統計。
</concepts>
</topic>



<topic>
<number>CIRB010TopicZH020</number> 
<title>促進民間參與公共建設法</title>
<question>
查詢促進民間參與公共建設法（ＢＯＴ法）所適用之公共建設項目及施行利弊。
</question>
<narrative>
相關文件內容應敘述何謂ＢＯＴ法，其意義、目的與重要性，ＢＯＴ法所適用的公共建設種類，以ＢＯＴ法進行公共建設之優點及可能的弊端。若文件中只針對單一ＢＯＴ個案做陳述，是不相關的。
</narrative>
<concepts>
ＢＯＴ、促參法、政府、投資、興建、融資、公共建設、促進民間參與、適用範圍、公共工程、獎參條例、租稅優惠、甄審、評估、招標、議約。
</concepts>
</topic>



<topic>
<number>CIRB010TopicZH021</number>
<title>國民卡</title>
<question>
查詢國民卡所可能引發之安全性議題與因應防範之道。
</question>
<narrative>
相關文件內容應包括使用國民卡所可能產生的安全危機，規劃單位對安全問題的說明，所使用的防範措施，依循之安全標準，、安全性驗證方法，對承包廠商的技術監督，現有之破碼能力等。推動國民卡的實際措施、議約程序、及遭受的其他阻礙，均是不相關的。
</narrative>
<concepts>
國民卡、智慧卡、安全、隱私、研考會、認證、電子簽章、晶片、保護、控管、風險、辨識、指紋、密碼、驗證、隱私權、資料庫、安全標準。
</concepts>
</topic>



<topic>
<number>CIRB010TopicZH022</number> 
<title>葡式蛋撻熱潮</title>
<question>
查詢葡式蛋撻在台灣造成熱潮之社會文化因素，及其所導致之種種效應。
</question>
<narrative>
相關文件內容主要應從社會文化背景與消費者心理之角度，分析葡式蛋撻在台灣造成銷售狂潮的原因，文件中也應探討此熱潮產生的種種外顯之社會現象與影響層面，以及藏於現象背後的潛在效應與意涵。
</narrative>
<concepts>
葡式蛋撻、葡式蛋塔、澳門、台灣、流行、熱潮、社會文化、飲食文化、消費者、市場、銷售。
</concepts>
</topic>



<topic>
<number>CIRB010TopicZH023</number>
<title>迪士尼樂園</title>
<question>
查詢全球第五座迪士尼主題樂園預定地選擇之相關報導。
</question>
<narrative>
全球第五座迪士尼主題樂園將以香港為興建預定地。相關文件內容包括美國迪士尼公司對於地點選擇的條件、標準與考量，地點評選經過，各候選城市的爭取過程，樂園的確實座落地點，興建計畫可能投入的成本，以及對香港可能的影響。文件中若僅含台灣不加入爭取行列所引起之討論與省思，是不相關的。
</narrative>
<concepts>
迪士尼樂園、主題公園、迪士尼公司、興建、第五座、香港、新界、香港特區政府、評選條件。
</concepts>
</topic>



<topic>
<number>CIRB010TopicZH024</number>
<title>大學聯招廢止</title>
<question>
查詢大學聯招制度廢止之實施狀況以及新的替代制度內容。
</question>
<narrative>
相關文件內容應說明教育部推動廢止大學聯招之細節規劃與實施進程，廢止後擬實施的多元入學方式，新的替代方案－「考招分離」制度的內容，新制實施可能造成的影響，及各方對此所抱持的態度與評價。
</narrative>
<concepts>
大學聯招、廢除、考招分離、推薦甄選、甄試、學科能力測驗、多元入學方案、性向、大學招生策進會、招策會、教育部。
</concepts>
</topic>


<topic>
<number>CIRB010TopicZH025</number>
<title>國小英語師資</title>
<question>
查詢國小英語師資之甄選辦法與培育方式。
</question>
<narrative>
相關文件內容主要應陳述教育部對於英語師資的遴選辦法與師資培訓計劃，包括參與甄選應具備之條件、參與管道，能力檢核方式、檢測內容，英語教師證照制度的建立，以及教育部擬訂之培訓具體方案細項。若文件中只陳述師資甄選的參與人數與考試實況，是不相關的。
</narrative>
<concepts>
國小英語教師、英語教學、師資、能力檢核、測驗、甄選、培訓、資格、認證、學程、教育部。
</concepts>
</topic>



<topic>
<number>CIRB010TopicZH026</number>
<title>中文英譯拼音系統</title>
<question>
查詢各界人士對統一中文英譯拼音系統之意見與討論內容。
</question>
<narrative>
相關文件內容包括統一中文英譯拼音系統的重要性，國內現有各中文英譯拼音系統之優缺點比較，實施現況，學者專家專家與政府主管機關對於選擇統一的系統所持的觀點與爭議，相關會議的討論結果，以及傾向採取的方案。
</narrative>
<concepts>
漢語拼音、注音符號、通用拼音、拼音系統、羅馬拼音、街道譯名、中文拼音系統、中文英譯系統、注音第二式、統一、標準、音標、母語、國際化、教育部、行政院。
</concepts>
</topic>


<topic>
<number>CIRB010TopicZH027</number>
<title>反美濃水庫興建</title>
<question>
查詢美濃水庫之興建計劃遭受反對抗爭之原由與可能的替代方案。
</question>
<narrative>
相關文件內容包括抗爭活動的主要訴求，反對水庫興建所持的理由，興建水庫對於環境保育的影響，以及解決水資源供應問題的可能替代方案。若文件中只敘述政府執行計劃單位對水庫的規劃策略、經費運用與進行情況，是不相關的。
</narrative>
<concepts>
美濃、水庫、美濃水庫、反水庫、抗爭、興建、斷層、污染、地質、工業、環境、安全、水資源、生態、水質、替代方案。
</concepts>
</topic>



<topic>
<number>CIRB010TopicZH028</number>
<title>棲蘭檜木砍伐</title>
<question>
查詢棲蘭山檜木砍伐事件對政府山區生態環境管理政策的衝擊。
</question>
<narrative>
相關文件內容包括政府對於棲蘭山區森林生態環境之管理政策，移除山區枯立倒木整理作業情形，政府有關單位對此事件的解釋與善後處理措施。若文件中只敘述民意代表與民間保育人士等人所採取之抗爭行動及社會議論，而未提及政府的回應與後續處理，視為不相關。
</narrative>
<concepts>
棲蘭山、檜木、砍伐、枯立倒木、生立木、森林、生態、政府、農委會、退輔會、森林開發處、森保處、林務局、生態保育、經營、政策、監督、水土保持。
</concepts>
</topic>

<topic>
<number>CIRB010TopicZH029</number>
<title>台灣黑面琵鷺</title>
<question>
查詢台灣各地黑面琵鷺繁衍與飛抵之生態情形。
</question>
<narrative>
相關文件內容應以黑面琵鷺在台灣各地棲息期間的生態觀察為主，包括族群飛抵度冬的時間、地點、數量、繁衍以及健康狀況等。對黑面琵鷺所引起之生態保育與工業區開發間重大爭議事項的報導，則視為不相關。
</narrative>
<concepts>
黑面琵鷺、候鳥、族群、繁衍、棲息、棲地、曾文溪口、台南、七股、數量、保育、追蹤、普查、生態、覓食、度冬、濕地、遷移路線、週期、發報器。
</concepts>
</topic>



<topic>
<number>CIRB010TopicZH030</number>
<title>聖嬰現象與傳染病</title>
<question>
查詢聖嬰現象在全球造成傳染病流行的原因與流行情況。
</question>
<narrative>
相關文件內容應說明任一由聖嬰現象所引發之傳染性疾病，如腸病毒、登革熱等，聖嬰現象與該傳染病的關係，加速傳染病流行的原因，對傳染病流行區域的影響，傳染病在當地所造成的災情等。若文件中僅敘述聖嬰現象的成因及其對氣候上的影響，是不相關的。
</narrative>
<concepts>
聖嬰現象、傳染病、流行、登革熱、腸病毒、猩紅熱、瘧疾、霍亂、疫情、雨量、洪水、氣溫。
</concepts>
</topic>
</xml>
