<?xml version="1.0" encoding="UTF-8"?>
<xml>
<topic>
<number>CIRB010TopicZH001</number>
<title>集會遊行法與言論自由</title>
<question>
查詢集會遊行法中有關主張共產主義或分裂國土規定之修正與討論。
</question>
<narrative>
相關文件內容應敘述集會遊行法原本對主張共產主義或分裂國土之限制，其是否符合憲法中對言論自由等基本人權的保障，大法官對此議題的相關解釋，學者專家的討論與看法，以及集會遊行法條文的修改現況。
</narrative>
<concepts>
集會遊行法、集會遊行、集遊法、憲法、言論自由、保障、共產主義、分裂國土、大法官會議、立法、修正條文。
</concepts>
</topic>

<topic>
<number>CIRB010TopicZH002</number>
<title>新三不政策與台獨</title>
<question>
查詢美國所提出之對台新三不政策對民進黨台獨主張的影響。
</question>
<narrative>
１９９８年柯江會談中，美方非正式發表了對台新三不政策：不支持台獨、不支持一中一台的主張，不支持台灣以主權國家身分加入國際組織。相關文件中應論述其對民進黨台獨主張的衝擊，包括民進黨內人士對此的反應、看法，該黨人士所發表的相關言論，所引起的黨內爭議及採取的因應策略等。
</narrative>
<concepts>
新三不政策、柯江會談、民進黨、建國黨、許信良、林義雄、施明德、台獨、統獨、獨派、兩岸、中國、美國、中共、大陸、台獨黨綱、主權獨立、轉型。
</concepts>
</topic>

<topic>
<number>CIRB010TopicZH003</number>
<title>白色恐怖受難補償</title>
<question>
查詢政府對白色恐怖時期受難者之補償措施。
</question>
<narrative>
相關文件內容應包括補償之法源依據與補償條例之內容，如受理補償之機構，具體補償辦法，補償的對象與範圍，申請補償之程序，最高補償金額等。
</narrative>
<concepts>
白色恐怖、受難者、賠償、補償、補償金額、補償條例、申請、行政院、國防部、立法院、戒嚴時期、懲治叛亂、不當叛亂匪諜審判案件、受裁判者、基金會。
</concepts>
</topic>



<topic>
<number>CIRB010TopicZH004</number>
<title>選舉競選廣告播放</title>
<question>
查詢中央選罷法中有關競選廣告播放之相關規定與競選期間所裁定之違法案例。
</question>
<narrative>
相關文件內容包括電視競選廣告的內容認定方式，播放競選廣告的規範與限制，違規廣告處理的基本原則，曾在選舉中違法受罰的政黨、候選人，其違法原由、涉及的相關法規、受處分的情形等。
</narrative>
<concepts>
選舉、候選人、中選會、電視台、錄影帶、新聞局、廣電法、廣電處、選罷法、有線電視、競選廣告、電視、政黨、播放、媒體、違法、處分、罰鍰、審查。
</concepts>
</topic>





<topic>
<number>CIRB010TopicZH005</number>
<title>總統大選民意調查</title>
<question>
查詢台灣二千年總統大選中，有關正副總統候選人競選搭配之民意調查結果。
</question>
<narrative>
相關文件內容應包括調查執行的單位、調查進行方式、受訪對象、訪問內容等實施細節。調查的結果必須具備數據資料，依據調查結果對選情所做的分析、預測與討論亦視為相關。
</narrative>
<concepts>
二千年、總統大選、總統、副總統、民意調查、民調、問卷、受訪者、候選人、支持、提名、組合、搭配、政黨、投票。
</concepts>
</topic>
</xml>
